2025-02-14,��v1.0.0,625c324,backup_��v1.0.0.sql,Pending
2025-02-14,��v1.0.0,9c62b12,backup_��v1.0.0.sql,Pending
2025-02-14,��v1.0.0,4b5cd76,backup_��v1.0.0.sql,Pending
2025-02-14,��v1.0.0,80fe694,backup_��v1.0.0.sql,Pending
2025-02-14,��v1.0.0,a28d779,backup_��v1.0.0.sql,Pending
2025-02-14,��v1.0.0,75a0a27,backup_��v1.0.0.sql,Pending
2025-02-14,��v1.0.0,2482cfa,backup_��v1.0.0.sql,Pending
2025-02-14,��v1.0.0,4e10150,backup_��v1.0.0.sql,Pending
2025-02-14,��v1.0.0,9b12075,backup_��v1.0.0.sql,Pending
2025-02-14,��v1.0.0,7a97a1d,backup_��v1.0.0.sql,Pending
2025-02-14,��v1.0.0,09c73e1,backup_��v1.0.0.sql,Pending
2025-02-14,��v1.0.0,e170f20,backup_��v1.0.0.sql,Pending
2025-02-14,��v1.0.0,464d661,backup_��v1.0.0.sql,Pending
2025-02-14,��v1.0.0,a170369,backup_��v1.0.0.sql,Pending
2025-02-14,��v1.0.0,8e8e4a8,backup_��v1.0.0.sql,Pending
2025-02-14,��v1.0.0,227871f,backup_��v1.0.0.sql,Pending
2025-02-14,��v1.0.0,ecee425,backup_��v1.0.0.sql,Pending
2025-02-14,��v1.0.0,8ce2569,backup_��v1.0.0.sql,Pending
